first_name,last_name
John,Smith
Jane,Johnson
Alex,Williams
Emily,Brown
Michael,Jones
Sarah,Garcia
David,Miller
Jessica,Davis
James,Rodriguez
Mary,Martinez
Robert,Hernandez
Patricia,Lopez
William,Gonzalez
Jennifer,Wilson
Joseph,Anderson
Elizabeth,Thomas
Charles,Taylor
Linda,Moore
Thomas,Jackson
Barbara,Martin
Daniel,Lee
Susan,Perez
Matthew,Thompson
Margaret,White
Anthony,Harris
Dorothy,Sanchez
Mark,Clark
Lisa,Ramirez
Donald,Lewis
Nancy,Robinson
Steven,Walker
Betty,Young
Paul,Allen
Sandra,King
Andrew,Wright
Ashley,Scott
Joshua,Torres
Kimberly,Nguyen
Kenneth,Hill
Donna,Flores
Kevin,Green
Emily,Adams
Brian,Nelson
Carol,Baker
George,Hall
Michelle,Rivera
Edward,Campbell
Amanda,Mitchell
Ronald,Carter
Melissa,Roberts
Timothy,Gomez
Deborah,Phillips
Jason,Evans
Stephanie,Turner
Jeffrey,Diaz
Rebecca,Parker
Ryan,Cruz
Sharon,Edwards
Jacob,Collins
Laura,Reyes
Gary,Stewart
Cynthia,Morris
Nicholas,Morales
Kathleen,Murphy
Eric,Cook
Amy,Rogers
Jonathan,Gutierrez
Shirley,Ortiz
Stephen,Morgan
Angela,Cooper
Larry,Peterson
Helen,Bailey
Justin,Reed
Anna,Kelly
Scott,Howard
Brenda,Ramos
Brandon,Kim
Pamela,Cox
Benjamin,Ward
Nicole,Richardson
Samuel,Watson
Samantha,Brooks
Gregory,Chavez
Katherine,Wood
Frank,James
Christine,Bennett
Alexander,Gray
Debra,Mendoza
Raymond,Cruz
Rachel,Hughes
Patrick,Price
Carolyn,Alvarez
Jack,Castillo
Janet,Sanders
Dennis,Patel
Maria,Myers
Jerry,Long
Heather,Ross
Tyler,Foster
Diane,Jimenez
